,Segment,Sales,Profit
0,Consumer,331904.6999,45568.23909999999
1,Corporate,241847.8244,26782.363299999994
2,Home Office,159462.7309,21088.667199999996
